[
  {
    "name": "Discover",
    "children": [
      {
        "text": "Blog",
        "href": "/blog/"
      },
      {
        "text": "About",
        "href": "/discover/about/"
      },
      {
        "text": "Team",
        "href": "/discover/team/"
      },
      {
        "text": "Help and Feedback",
        "href": "https://github.com/open-wc/open-wc/issues"
      }
    ]
  },
  {
    "name": "Follow",
    "children": [
      {
        "text": "GitHub",
        "href": "https://github.com/open-wc/open-wc"
      },
      {
        "text": "Twitter",
        "href": "https://twitter.com/openwc"
      },
      {
        "text": "Slack",
        "href": "/discover/slack/"
      }
    ]
  },
  {
    "name": "Support",
    "children": [
      {
        "text": "Sponsor",
        "href": "https://opencollective.com/modern-web"
      },
      {
        "text": "Contribute",
        "href": "https://github.com/open-wc/open-wc/blob/master/CONTRIBUTING.md"
      }
    ]
  }
]
